<?xml version='1.0' encoding='utf-8'?> 
<incoming_feed>
	<file_properties>
		<!-- if the file has header use 0, else, use none and provide -->
		<property name = "header" value = "none"/>
		<!--use csv.quote_minimal , csv.quote_all , csv.quote_nonnumeric  or csv.quote_none-->
		<property name = "quoting" value = "csv.quote_all"/>
		<!-- default is 'utf-8', use https://docs.python.org/3/library/codecs.html#standard-encodings -->
		<property name = "encoding" value = "utf-8"/>
		<!-- sepcify delimeter/seprator -->
		<property name = "delimeter" value = "|"/>
		<!-- if the file is less then 500 mb and loads quickly, use chunk size none,
			else set it between 10000 and 100000  based on perfomrance-->
		<property name = "chunksize" value = "none"/>
	</file_properties>
	<!-- provide column name and order, always begin id from 0-->
	<columns>	
		<column id="0" name="col0" datatype = "false" datetime= "false" drop_column="false" new_columnname = "false" index_col = "false"/>
		<column id="1" name="col1" datatype = "false" datetime= "false" drop_column="false" new_columnname = "false" index_col = "false"/>
		<column id="2" name="col2" datatype = "false" datetime= "false" drop_column="false" new_columnname = "false" index_col = "false"/>
		<column id="3" name="col3" datatype = "false" datetime= "false" drop_column="false" new_columnname = "false" index_col = "false"/>
		<column id="4" name="col4" datatype = "false" datetime= "false" drop_column="false" new_columnname = "false" index_col = "false"/>
		<column id="5" name="col5" datatype = "false" datetime= "false" drop_column="false" new_columnname = "false" index_col = "false"/>
		<column id="6" name="col6" datatype = "false" datetime= "false" drop_column="false" new_columnname = "false" index_col = "false"/>
	</columns>
	<sql>
		<property name = "sql_table" value = "table_name"/>
		<!--    fail: If table exists, do nothing.
                replace: If table exists, drop it, recreate it, and insert data.
                append: If table exists, insert data. Create if does not exist.-->
		<property name = "if_exists" value = "replace"/>
	</sql>
</incoming_feed>
